{"cameraMode":{"drawMode":0,"name":"Shaded","section":"Shading Mode"},"sceneLighting":false,"audioPlay":false,"sceneViewState":{"showFog":false,"showMaterialUpdate":false,"showSkybox":false,"showFlares":false,"showImageEffects":false,"showParticleSystems":false},"in2DMode":false,"pivot":{"x":22.222625732421876,"y":20.222339630126954,"z":-5.2078537940979},"rotation":{"x":0.005254612769931555,"y":0.8932222127914429,"z":0.010442576371133328,"w":-0.4494635760784149},"size":15.500895500183106,"orthographic":false}