{"cameraMode":{"drawMode":0,"name":"Shaded","section":"Shading Mode"},"sceneLighting":false,"audioPlay":false,"sceneViewState":{"showFog":false,"showMaterialUpdate":false,"showSkybox":false,"showFlares":false,"showImageEffects":false,"showParticleSystems":false},"in2DMode":false,"pivot":{"x":276.4756164550781,"y":125.1076431274414,"z":227.4854736328125},"rotation":{"x":0.05332639813423157,"y":-0.2749713957309723,"z":-0.015276557765901089,"w":-0.9598509073257446},"size":578.91748046875,"orthographic":false}